sampler,regime,scorer,K,metric,n,mean,se,ci_low,ci_high,confidence,low_n,high_n,effect,value_col
consistency_1step,fetch_aligned,anti_oracle_negative_control,1,exact_selected_normalized_progress,12,-0.0005763196083650834,0.0005763196083650835,-0.0017289588250952502,0.0,0.95,1,8,high_minus_low,exact_selected_normalized_progress
consistency_1step,fetch_aligned,anti_oracle_negative_control,1,exact_selected_final_progress,12,-0.1250698484443293,0.07405812844751941,-0.29825485937208057,-0.013094779419177595,0.95,1,8,high_minus_low,exact_selected_final_progress
consistency_1step,fetch_aligned,anti_oracle_negative_control,1,exact_selected_success,12,0.0,0.0,0.0,0.0,0.95,1,8,high_minus_low,exact_selected_success
consistency_1step,fetch_aligned,anti_oracle_negative_control,1,exact_selected_negative_final_distance,12,-0.02715188359738507,0.016028415525535397,-0.06380500835627222,-0.002288540290596915,0.95,1,8,high_minus_low,exact_selected_negative_final_distance
consistency_1step,fetch_aligned,diffusion_internal_score,1,exact_selected_normalized_progress,12,-0.0005745872014896922,0.0005745872014896923,-0.0017237616044690769,0.0,0.95,1,8,high_minus_low,exact_selected_normalized_progress
consistency_1step,fetch_aligned,diffusion_internal_score,1,exact_selected_final_progress,12,0.02013461844307528,0.019301638603376057,-0.010542603377236877,0.060923341762179506,0.95,1,8,high_minus_low,exact_selected_final_progress
consistency_1step,fetch_aligned,diffusion_internal_score,1,exact_selected_success,12,0.0,0.0,0.0,0.0,0.95,1,8,high_minus_low,exact_selected_success
consistency_1step,fetch_aligned,diffusion_internal_score,1,exact_selected_negative_final_distance,12,0.005114788677937951,0.0043111184858288295,-0.0017803884690603684,0.013786847706374051,0.95,1,8,high_minus_low,exact_selected_negative_final_distance
consistency_1step,fetch_aligned,goal_progress_heuristic,1,exact_selected_normalized_progress,12,-0.000486981936044784,0.00048698193604478405,-0.0017166113245578585,0.0,0.95,1,8,high_minus_low,exact_selected_normalized_progress
consistency_1step,fetch_aligned,goal_progress_heuristic,1,exact_selected_final_progress,12,-0.05191384276189206,0.07144138695379616,-0.20691640906238254,0.041163699276144376,0.95,1,8,high_minus_low,exact_selected_final_progress
consistency_1step,fetch_aligned,goal_progress_heuristic,1,exact_selected_success,12,0.0,0.0,0.0,0.0,0.95,1,8,high_minus_low,exact_selected_success
consistency_1step,fetch_aligned,goal_progress_heuristic,1,exact_selected_negative_final_distance,12,-0.010783645324023811,0.015251150737319051,-0.04396259326636139,0.008897780731674293,0.95,1,8,high_minus_low,exact_selected_negative_final_distance
consistency_1step,fetch_aligned,learned_value_critic_from_pilot_rollouts,1,exact_selected_normalized_progress,12,0.002450009980507707,0.0024500099805077067,0.0,0.007350029941523121,0.95,1,8,high_minus_low,exact_selected_normalized_progress
consistency_1step,fetch_aligned,learned_value_critic_from_pilot_rollouts,1,exact_selected_final_progress,12,0.02646065016645677,0.01779683555632193,6.072585509982584e-31,0.060534527847728704,0.95,1,8,high_minus_low,exact_selected_final_progress
consistency_1step,fetch_aligned,learned_value_critic_from_pilot_rollouts,1,exact_selected_success,12,0.0,0.0,0.0,0.0,0.95,1,8,high_minus_low,exact_selected_success
consistency_1step,fetch_aligned,learned_value_critic_from_pilot_rollouts,1,exact_selected_negative_final_distance,12,0.006183216446895223,0.004081900054009614,1.0350516739994972e-17,0.013825130190537743,0.95,1,8,high_minus_low,exact_selected_negative_final_distance
consistency_1step,fetch_aligned,misaligned_speed_scorer,1,exact_selected_normalized_progress,12,-0.000486981936044784,0.00048698193604478405,-0.0017166113245578585,0.0,0.95,1,8,high_minus_low,exact_selected_normalized_progress
consistency_1step,fetch_aligned,misaligned_speed_scorer,1,exact_selected_final_progress,12,-0.05836032143539211,0.07042616632470715,-0.20691640906238254,0.029435638916315704,0.95,1,8,high_minus_low,exact_selected_final_progress
consistency_1step,fetch_aligned,misaligned_speed_scorer,1,exact_selected_success,12,0.0,0.0,0.0,0.0,0.95,1,8,high_minus_low,exact_selected_success
consistency_1step,fetch_aligned,misaligned_speed_scorer,1,exact_selected_negative_final_distance,12,-0.012598867127019723,0.01491386358052263,-0.04396259326636139,0.005497469215836101,0.95,1,8,high_minus_low,exact_selected_negative_final_distance
consistency_1step,fetch_aligned,oracle_real_utility_selector,1,exact_selected_normalized_progress,12,0.002450009980507707,0.0024500099805077067,0.0,0.007350029941523121,0.95,1,8,high_minus_low,exact_selected_normalized_progress
consistency_1step,fetch_aligned,oracle_real_utility_selector,1,exact_selected_final_progress,12,0.02646065016645677,0.01779683555632193,0.0004999347181732612,0.06759329297478908,0.95,1,8,high_minus_low,exact_selected_final_progress
consistency_1step,fetch_aligned,oracle_real_utility_selector,1,exact_selected_success,12,0.0,0.0,0.0,0.0,0.95,1,8,high_minus_low,exact_selected_success
consistency_1step,fetch_aligned,oracle_real_utility_selector,1,exact_selected_negative_final_distance,12,0.006183216446895223,0.004081900054009614,8.44267754054471e-05,0.015551394970104796,0.95,1,8,high_minus_low,exact_selected_negative_final_distance
consistency_1step,fetch_aligned,random_sample_selection,1,exact_selected_normalized_progress,12,-0.0005601129200609401,0.0005601129200609401,-0.001974398043214808,0.0,0.95,1,8,high_minus_low,exact_selected_normalized_progress
consistency_1step,fetch_aligned,random_sample_selection,1,exact_selected_final_progress,12,-0.005298003966764856,0.03505931155684664,-0.08386725955182846,0.055716288277340924,0.95,1,8,high_minus_low,exact_selected_final_progress
consistency_1step,fetch_aligned,random_sample_selection,1,exact_selected_success,12,0.0,0.0,0.0,0.0,0.95,1,8,high_minus_low,exact_selected_success
consistency_1step,fetch_aligned,random_sample_selection,1,exact_selected_negative_final_distance,12,0.0005856839169626921,0.006521398287735868,-0.012981497250391286,0.012784353039172079,0.95,1,8,high_minus_low,exact_selected_negative_final_distance
consistency_1step,fetch_aligned,uncertainty_aware_critic,1,exact_selected_normalized_progress,12,0.002450009980507707,0.0024500099805077067,0.0,0.007350029941523121,0.95,1,8,high_minus_low,exact_selected_normalized_progress
consistency_1step,fetch_aligned,uncertainty_aware_critic,1,exact_selected_final_progress,12,0.02644993662807073,0.017792255168912703,1.0041541939375858e-30,0.06595018015780842,0.95,1,8,high_minus_low,exact_selected_final_progress
consistency_1step,fetch_aligned,uncertainty_aware_critic,1,exact_selected_success,12,0.0,0.0,0.0,0.0,0.95,1,8,high_minus_low,exact_selected_success
consistency_1step,fetch_aligned,uncertainty_aware_critic,1,exact_selected_negative_final_distance,12,0.006180231937414407,0.0040802712081877916,1.5583599225858328e-17,0.015572880946207821,0.95,1,8,high_minus_low,exact_selected_negative_final_distance
consistency_1step,fetch_high_temp_misaligned,anti_oracle_negative_control,1,exact_selected_normalized_progress,12,0.0,0.0,0.0,0.0,0.95,1,8,high_minus_low,exact_selected_normalized_progress
consistency_1step,fetch_high_temp_misaligned,anti_oracle_negative_control,1,exact_selected_final_progress,12,-0.1373363079886283,0.09037847194004772,-0.3216219517611468,-0.020158165941414053,0.95,1,8,high_minus_low,exact_selected_final_progress
consistency_1step,fetch_high_temp_misaligned,anti_oracle_negative_control,1,exact_selected_success,12,0.0,0.0,0.0,0.0,0.95,1,8,high_minus_low,exact_selected_success
consistency_1step,fetch_high_temp_misaligned,anti_oracle_negative_control,1,exact_selected_negative_final_distance,12,-0.01810555476731693,0.009430039166345994,-0.0363926297206821,-0.003972956780098624,0.95,1,8,high_minus_low,exact_selected_negative_final_distance
consistency_1step,fetch_high_temp_misaligned,diffusion_internal_score,1,exact_selected_normalized_progress,12,0.0,0.0,0.0,0.0,0.95,1,8,high_minus_low,exact_selected_normalized_progress
consistency_1step,fetch_high_temp_misaligned,diffusion_internal_score,1,exact_selected_final_progress,12,-0.013087369792990883,0.012993566009878731,-0.0401184951299638,0.0053796813842025195,0.95,1,8,high_minus_low,exact_selected_final_progress
consistency_1step,fetch_high_temp_misaligned,diffusion_internal_score,1,exact_selected_success,12,0.0,0.0,0.0,0.0,0.95,1,8,high_minus_low,exact_selected_success
consistency_1step,fetch_high_temp_misaligned,diffusion_internal_score,1,exact_selected_negative_final_distance,12,-0.002608009338318841,0.00207048593448881,-0.00688147397430123,0.0003053737013931335,0.95,1,8,high_minus_low,exact_selected_negative_final_distance
consistency_1step,fetch_high_temp_misaligned,goal_progress_heuristic,1,exact_selected_normalized_progress,12,0.0,0.0,0.0,0.0,0.95,1,8,high_minus_low,exact_selected_normalized_progress
consistency_1step,fetch_high_temp_misaligned,goal_progress_heuristic,1,exact_selected_final_progress,12,-0.04931796223897211,0.05040251628552431,-0.15238435283148954,0.015613804972863942,0.95,1,8,high_minus_low,exact_selected_final_progress
consistency_1step,fetch_high_temp_misaligned,goal_progress_heuristic,1,exact_selected_success,12,0.0,0.0,0.0,0.0,0.95,1,8,high_minus_low,exact_selected_success
consistency_1step,fetch_high_temp_misaligned,goal_progress_heuristic,1,exact_selected_negative_final_distance,12,-0.00414730811094137,0.005347128829049426,-0.014634907475744013,0.003363709070151082,0.95,1,8,high_minus_low,exact_selected_negative_final_distance
consistency_1step,fetch_high_temp_misaligned,learned_value_critic_from_pilot_rollouts,1,exact_selected_normalized_progress,12,0.0,0.0,0.0,0.0,0.95,1,8,high_minus_low,exact_selected_normalized_progress
consistency_1step,fetch_high_temp_misaligned,learned_value_critic_from_pilot_rollouts,1,exact_selected_final_progress,12,0.0820939436943333,0.05853150188820904,0.007118759723442808,0.19971451382301258,0.95,1,8,high_minus_low,exact_selected_final_progress
consistency_1step,fetch_high_temp_misaligned,learned_value_critic_from_pilot_rollouts,1,exact_selected_success,12,0.0,0.0,0.0,0.0,0.95,1,8,high_minus_low,exact_selected_success
consistency_1step,fetch_high_temp_misaligned,learned_value_critic_from_pilot_rollouts,1,exact_selected_negative_final_distance,12,0.01013278829038976,0.005790846268585017,0.001376614834619902,0.02150637467675011,0.95,1,8,high_minus_low,exact_selected_negative_final_distance
consistency_1step,fetch_high_temp_misaligned,misaligned_speed_scorer,1,exact_selected_normalized_progress,12,0.0,0.0,0.0,0.0,0.95,1,8,high_minus_low,exact_selected_normalized_progress
consistency_1step,fetch_high_temp_misaligned,misaligned_speed_scorer,1,exact_selected_final_progress,12,0.037214133495184376,0.019103517625927633,0.005672772618799878,0.07359097070732422,0.95,1,8,high_minus_low,exact_selected_final_progress
consistency_1step,fetch_high_temp_misaligned,misaligned_speed_scorer,1,exact_selected_success,12,0.0,0.0,0.0,0.0,0.95,1,8,high_minus_low,exact_selected_success
consistency_1step,fetch_high_temp_misaligned,misaligned_speed_scorer,1,exact_selected_negative_final_distance,12,0.00552079309811989,0.0024144498235776344,0.0010720643499850325,0.0102005584068052,0.95,1,8,high_minus_low,exact_selected_negative_final_distance
consistency_1step,fetch_high_temp_misaligned,oracle_real_utility_selector,1,exact_selected_normalized_progress,12,0.0,0.0,0.0,0.0,0.95,1,8,high_minus_low,exact_selected_normalized_progress
consistency_1step,fetch_high_temp_misaligned,oracle_real_utility_selector,1,exact_selected_final_progress,12,0.08492936117406448,0.06131159270116545,0.00963789178762085,0.2105053459604082,0.95,1,8,high_minus_low,exact_selected_final_progress
consistency_1step,fetch_high_temp_misaligned,oracle_real_utility_selector,1,exact_selected_success,12,0.0,0.0,0.0,0.0,0.95,1,8,high_minus_low,exact_selected_success
consistency_1step,fetch_high_temp_misaligned,oracle_real_utility_selector,1,exact_selected_negative_final_distance,12,0.01040680321540656,0.006044511084685777,0.0018073115722374849,0.022838207338095325,0.95,1,8,high_minus_low,exact_selected_negative_final_distance
consistency_1step,fetch_high_temp_misaligned,random_sample_selection,1,exact_selected_normalized_progress,12,0.0,0.0,0.0,0.0,0.95,1,8,high_minus_low,exact_selected_normalized_progress
consistency_1step,fetch_high_temp_misaligned,random_sample_selection,1,exact_selected_final_progress,12,-0.0664993866746767,0.05488744007009116,-0.17672347471694452,0.008371446694622805,0.95,1,8,high_minus_low,exact_selected_final_progress
consistency_1step,fetch_high_temp_misaligned,random_sample_selection,1,exact_selected_success,12,0.0,0.0,0.0,0.0,0.95,1,8,high_minus_low,exact_selected_success
consistency_1step,fetch_high_temp_misaligned,random_sample_selection,1,exact_selected_negative_final_distance,12,-0.0073574940609109464,0.006195184112871903,-0.020438644683620062,0.002396372107194931,0.95,1,8,high_minus_low,exact_selected_negative_final_distance
consistency_1step,fetch_high_temp_misaligned,uncertainty_aware_critic,1,exact_selected_normalized_progress,12,0.0,0.0,0.0,0.0,0.95,1,8,high_minus_low,exact_selected_normalized_progress
consistency_1step,fetch_high_temp_misaligned,uncertainty_aware_critic,1,exact_selected_final_progress,12,0.07413541784954564,0.06193730835041933,0.0014352025831166387,0.2057419791780731,0.95,1,8,high_minus_low,exact_selected_final_progress
consistency_1step,fetch_high_temp_misaligned,uncertainty_aware_critic,1,exact_selected_success,12,0.0,0.0,0.0,0.0,0.95,1,8,high_minus_low,exact_selected_success
consistency_1step,fetch_high_temp_misaligned,uncertainty_aware_critic,1,exact_selected_negative_final_distance,12,0.00827400497195372,0.006029743032304773,0.0003798717691921097,0.02161798826195143,0.95,1,8,high_minus_low,exact_selected_negative_final_distance
consistency_1step,fetch_low_diversity,anti_oracle_negative_control,1,exact_selected_normalized_progress,12,0.0,0.0,0.0,0.0,0.95,1,8,high_minus_low,exact_selected_normalized_progress
consistency_1step,fetch_low_diversity,anti_oracle_negative_control,1,exact_selected_final_progress,12,0.0,2.7464611451192733e-31,-5.259072701473412e-31,4.601688613789236e-31,0.95,1,8,high_minus_low,exact_selected_final_progress
consistency_1step,fetch_low_diversity,anti_oracle_negative_control,1,exact_selected_success,12,0.0,0.0,0.0,0.0,0.95,1,8,high_minus_low,exact_selected_success
consistency_1step,fetch_low_diversity,anti_oracle_negative_control,1,exact_selected_negative_final_distance,12,2.3129646346357427e-18,5.557244599851e-18,-8.0953762212251e-18,1.214306433183765e-17,0.95,1,8,high_minus_low,exact_selected_negative_final_distance
consistency_1step,fetch_low_diversity,diffusion_internal_score,1,exact_selected_normalized_progress,12,0.0,0.0,0.0,0.0,0.95,1,8,high_minus_low,exact_selected_normalized_progress
consistency_1step,fetch_low_diversity,diffusion_internal_score,1,exact_selected_final_progress,12,0.0,2.7464611451192733e-31,-4.946815259823421e-31,5.259072701473412e-31,0.95,1,8,high_minus_low,exact_selected_final_progress
consistency_1step,fetch_low_diversity,diffusion_internal_score,1,exact_selected_success,12,0.0,0.0,0.0,0.0,0.95,1,8,high_minus_low,exact_selected_success
consistency_1step,fetch_low_diversity,diffusion_internal_score,1,exact_selected_negative_final_distance,12,2.3129646346357427e-18,5.557244599851e-18,-8.398952829521035e-18,1.2721305490496585e-17,0.95,1,8,high_minus_low,exact_selected_negative_final_distance
consistency_1step,fetch_low_diversity,goal_progress_heuristic,1,exact_selected_normalized_progress,12,0.0,0.0,0.0,0.0,0.95,1,8,high_minus_low,exact_selected_normalized_progress
consistency_1step,fetch_low_diversity,goal_progress_heuristic,1,exact_selected_final_progress,12,0.0,2.7464611451192733e-31,-5.259072701473412e-31,4.946815259823413e-31,0.95,1,8,high_minus_low,exact_selected_final_progress
consistency_1step,fetch_low_diversity,goal_progress_heuristic,1,exact_selected_success,12,0.0,0.0,0.0,0.0,0.95,1,8,high_minus_low,exact_selected_success
consistency_1step,fetch_low_diversity,goal_progress_heuristic,1,exact_selected_negative_final_distance,12,2.3129646346357427e-18,5.557244599851e-18,-8.398952829521035e-18,1.214306433183765e-17,0.95,1,8,high_minus_low,exact_selected_negative_final_distance
consistency_1step,fetch_low_diversity,learned_value_critic_from_pilot_rollouts,1,exact_selected_normalized_progress,12,0.0,0.0,0.0,0.0,0.95,1,8,high_minus_low,exact_selected_normalized_progress
consistency_1step,fetch_low_diversity,learned_value_critic_from_pilot_rollouts,1,exact_selected_final_progress,12,0.0,2.7464611451192733e-31,-4.601688613789236e-31,4.601688613789236e-31,0.95,1,8,high_minus_low,exact_selected_final_progress
consistency_1step,fetch_low_diversity,learned_value_critic_from_pilot_rollouts,1,exact_selected_success,12,0.0,0.0,0.0,0.0,0.95,1,8,high_minus_low,exact_selected_success
consistency_1step,fetch_low_diversity,learned_value_critic_from_pilot_rollouts,1,exact_selected_negative_final_distance,12,2.3129646346357427e-18,5.557244599851e-18,-7.517135062566164e-18,1.214306433183765e-17,0.95,1,8,high_minus_low,exact_selected_negative_final_distance
consistency_1step,fetch_low_diversity,misaligned_speed_scorer,1,exact_selected_normalized_progress,12,0.0,0.0,0.0,0.0,0.95,1,8,high_minus_low,exact_selected_normalized_progress
consistency_1step,fetch_low_diversity,misaligned_speed_scorer,1,exact_selected_final_progress,12,0.0,2.7464611451192733e-31,-5.259072701473412e-31,4.946815259823413e-31,0.95,1,8,high_minus_low,exact_selected_final_progress
consistency_1step,fetch_low_diversity,misaligned_speed_scorer,1,exact_selected_success,12,0.0,0.0,0.0,0.0,0.95,1,8,high_minus_low,exact_selected_success
consistency_1step,fetch_low_diversity,misaligned_speed_scorer,1,exact_selected_negative_final_distance,12,2.3129646346357427e-18,5.557244599851e-18,-8.398952829521035e-18,1.214306433183765e-17,0.95,1,8,high_minus_low,exact_selected_negative_final_distance
consistency_1step,fetch_low_diversity,oracle_real_utility_selector,1,exact_selected_normalized_progress,12,0.0,0.0,0.0,0.0,0.95,1,8,high_minus_low,exact_selected_normalized_progress
consistency_1step,fetch_low_diversity,oracle_real_utility_selector,1,exact_selected_final_progress,12,0.0,2.7464611451192733e-31,-5.259072701473412e-31,4.601688613789236e-31,0.95,1,8,high_minus_low,exact_selected_final_progress
consistency_1step,fetch_low_diversity,oracle_real_utility_selector,1,exact_selected_success,12,0.0,0.0,0.0,0.0,0.95,1,8,high_minus_low,exact_selected_success
consistency_1step,fetch_low_diversity,oracle_real_utility_selector,1,exact_selected_negative_final_distance,12,2.3129646346357427e-18,5.557244599851e-18,-8.0953762212251e-18,1.214306433183765e-17,0.95,1,8,high_minus_low,exact_selected_negative_final_distance
consistency_1step,fetch_low_diversity,random_sample_selection,1,exact_selected_normalized_progress,12,0.0,0.0,0.0,0.0,0.95,1,8,high_minus_low,exact_selected_normalized_progress
consistency_1step,fetch_low_diversity,random_sample_selection,1,exact_selected_final_progress,12,0.0,2.7464611451192733e-31,-5.259072701473412e-31,4.946815259823413e-31,0.95,1,8,high_minus_low,exact_selected_final_progress
consistency_1step,fetch_low_diversity,random_sample_selection,1,exact_selected_success,12,0.0,0.0,0.0,0.0,0.95,1,8,high_minus_low,exact_selected_success
consistency_1step,fetch_low_diversity,random_sample_selection,1,exact_selected_negative_final_distance,12,2.3129646346357427e-18,5.557244599851e-18,-8.398952829521035e-18,1.214306433183765e-17,0.95,1,8,high_minus_low,exact_selected_negative_final_distance
consistency_1step,fetch_low_diversity,uncertainty_aware_critic,1,exact_selected_normalized_progress,12,0.0,0.0,0.0,0.0,0.95,1,8,high_minus_low,exact_selected_normalized_progress
consistency_1step,fetch_low_diversity,uncertainty_aware_critic,1,exact_selected_final_progress,12,0.0,2.7464611451192733e-31,-4.946815259823421e-31,5.259072701473412e-31,0.95,1,8,high_minus_low,exact_selected_final_progress
consistency_1step,fetch_low_diversity,uncertainty_aware_critic,1,exact_selected_success,12,0.0,0.0,0.0,0.0,0.95,1,8,high_minus_low,exact_selected_success
consistency_1step,fetch_low_diversity,uncertainty_aware_critic,1,exact_selected_negative_final_distance,12,2.3129646346357427e-18,5.557244599851e-18,-8.398952829521035e-18,1.2721305490496585e-17,0.95,1,8,high_minus_low,exact_selected_negative_final_distance
ddim_eps,fetch_aligned,anti_oracle_negative_control,1,exact_selected_normalized_progress,12,0.0,0.0,0.0,0.0,0.95,1,8,high_minus_low,exact_selected_normalized_progress
ddim_eps,fetch_aligned,anti_oracle_negative_control,1,exact_selected_final_progress,12,-0.019191653614689577,0.013518196876892895,-0.04368362596972655,5.431636024490501e-31,0.95,1,8,high_minus_low,exact_selected_final_progress
ddim_eps,fetch_aligned,anti_oracle_negative_control,1,exact_selected_success,12,0.0,0.0,0.0,0.0,0.95,1,8,high_minus_low,exact_selected_success
ddim_eps,fetch_aligned,anti_oracle_negative_control,1,exact_selected_negative_final_distance,12,-0.004002928183199463,0.002700565143524736,-0.008272193044766079,1.2721305490496585e-17,0.95,1,8,high_minus_low,exact_selected_negative_final_distance
ddim_eps,fetch_aligned,anti_oracle_negative_control,8,exact_selected_normalized_progress,12,0.0,0.0,0.0,0.0,0.95,1,8,high_minus_low,exact_selected_normalized_progress
ddim_eps,fetch_aligned,anti_oracle_negative_control,8,exact_selected_final_progress,12,-0.013502973024071033,0.013568532273949665,-0.054131843050550736,0.00011995095426660522,0.95,1,8,high_minus_low,exact_selected_final_progress
ddim_eps,fetch_aligned,anti_oracle_negative_control,8,exact_selected_success,12,0.0,0.0,0.0,0.0,0.95,1,8,high_minus_low,exact_selected_success
ddim_eps,fetch_aligned,anti_oracle_negative_control,8,exact_selected_negative_final_distance,12,-0.003768151659126598,0.0037792142769952773,-0.015092863425857913,2.025678935150812e-05,0.95,1,8,high_minus_low,exact_selected_negative_final_distance
ddim_eps,fetch_aligned,diffusion_internal_score,1,exact_selected_normalized_progress,12,0.0,0.0,0.0,0.0,0.95,1,8,high_minus_low,exact_selected_normalized_progress
ddim_eps,fetch_aligned,diffusion_internal_score,1,exact_selected_final_progress,12,0.007484095368498673,0.005929490191594036,-4.601688613789236e-31,0.01918500185106589,0.95,1,8,high_minus_low,exact_selected_final_progress
ddim_eps,fetch_aligned,diffusion_internal_score,1,exact_selected_success,12,0.0,0.0,0.0,0.0,0.95,1,8,high_minus_low,exact_selected_success
ddim_eps,fetch_aligned,diffusion_internal_score,1,exact_selected_negative_final_distance,12,0.0014430884487493176,0.0010495225901812231,4.018776052679615e-18,0.0034190860495028753,0.95,1,8,high_minus_low,exact_selected_negative_final_distance
ddim_eps,fetch_aligned,diffusion_internal_score,8,exact_selected_normalized_progress,12,0.0,0.0,0.0,0.0,0.95,1,8,high_minus_low,exact_selected_normalized_progress
ddim_eps,fetch_aligned,diffusion_internal_score,8,exact_selected_final_progress,12,0.0014347092275696892,0.0012786046324278128,-3.1307917175958874e-31,0.004001612124405405,0.95,1,8,high_minus_low,exact_selected_final_progress
ddim_eps,fetch_aligned,diffusion_internal_score,8,exact_selected_success,12,0.0,0.0,0.0,0.0,0.95,1,8,high_minus_low,exact_selected_success
ddim_eps,fetch_aligned,diffusion_internal_score,8,exact_selected_negative_final_distance,12,0.00038307950135241936,0.0003561232766682606,5.782411586589357e-18,0.001098151007691969,0.95,1,8,high_minus_low,exact_selected_negative_final_distance
ddim_eps,fetch_aligned,goal_progress_heuristic,1,exact_selected_normalized_progress,12,0.0,0.0,0.0,0.0,0.95,1,8,high_minus_low,exact_selected_normalized_progress
ddim_eps,fetch_aligned,goal_progress_heuristic,1,exact_selected_final_progress,12,-0.007955913365806472,0.0064533196687853,-0.023867740097419415,9.236246431962649e-31,0.95,1,8,high_minus_low,exact_selected_final_progress
ddim_eps,fetch_aligned,goal_progress_heuristic,1,exact_selected_success,12,0.0,0.0,0.0,0.0,0.95,1,8,high_minus_low,exact_selected_success
ddim_eps,fetch_aligned,goal_progress_heuristic,1,exact_selected_negative_final_distance,12,-0.0015134631392537447,0.0011278316488465205,-0.0043280009984062295,9.859011755134826e-18,0.95,1,8,high_minus_low,exact_selected_negative_final_distance
ddim_eps,fetch_aligned,goal_progress_heuristic,8,exact_selected_normalized_progress,12,0.0,0.0,0.0,0.0,0.95,1,8,high_minus_low,exact_selected_normalized_progress
ddim_eps,fetch_aligned,goal_progress_heuristic,8,exact_selected_final_progress,12,-0.013718157407879503,0.013558004648367828,-0.040859399267304926,4.289431172139237e-31,0.95,1,8,high_minus_low,exact_selected_final_progress
ddim_eps,fetch_aligned,goal_progress_heuristic,8,exact_selected_success,12,0.0,0.0,0.0,0.0,0.95,1,8,high_minus_low,exact_selected_success
ddim_eps,fetch_aligned,goal_progress_heuristic,8,exact_selected_negative_final_distance,12,-0.0038053327014544933,0.0037782338350355964,-0.011366167481870177,1.3877787807814457e-17,0.95,1,8,high_minus_low,exact_selected_negative_final_distance
ddim_eps,fetch_aligned,learned_value_critic_from_pilot_rollouts,1,exact_selected_normalized_progress,12,0.0,0.0,0.0,0.0,0.95,1,8,high_minus_low,exact_selected_normalized_progress
ddim_eps,fetch_aligned,learned_value_critic_from_pilot_rollouts,1,exact_selected_final_progress,12,0.011862781197681402,0.010210878662788834,-3.1307917175958874e-31,0.03232066356800607,0.95,1,8,high_minus_low,exact_selected_final_progress
ddim_eps,fetch_aligned,learned_value_critic_from_pilot_rollouts,1,exact_selected_success,12,0.0,0.0,0.0,0.0,0.95,1,8,high_minus_low,exact_selected_success
ddim_eps,fetch_aligned,learned_value_critic_from_pilot_rollouts,1,exact_selected_negative_final_distance,12,0.002182563352234728,0.001745904239020511,2.8622937353617435e-18,0.005686309780533273,0.95,1,8,high_minus_low,exact_selected_negative_final_distance
ddim_eps,fetch_aligned,learned_value_critic_from_pilot_rollouts,8,exact_selected_normalized_progress,12,0.0,0.0,0.0,0.0,0.95,1,8,high_minus_low,exact_selected_normalized_progress
ddim_eps,fetch_aligned,learned_value_critic_from_pilot_rollouts,8,exact_selected_final_progress,12,0.0031429239139375083,0.0029817226778633237,-3.7881758052800637e-31,0.009126256183508862,0.95,1,8,high_minus_low,exact_selected_final_progress
ddim_eps,fetch_aligned,learned_value_critic_from_pilot_rollouts,8,exact_selected_success,12,0.0,0.0,0.0,0.0,0.95,1,8,high_minus_low,exact_selected_success
ddim_eps,fetch_aligned,learned_value_critic_from_pilot_rollouts,8,exact_selected_negative_final_distance,12,0.0008589430996358305,0.0008314664097776387,2.8622937353617435e-18,0.002525741802542202,0.95,1,8,high_minus_low,exact_selected_negative_final_distance
ddim_eps,fetch_aligned,misaligned_speed_scorer,1,exact_selected_normalized_progress,12,0.0,0.0,0.0,0.0,0.95,1,8,high_minus_low,exact_selected_normalized_progress
ddim_eps,fetch_aligned,misaligned_speed_scorer,1,exact_selected_final_progress,12,-0.009007350870400822,0.010602943879669645,-0.031163767872675645,0.004141715261473176,0.95,1,8,high_minus_low,exact_selected_final_progress
ddim_eps,fetch_aligned,misaligned_speed_scorer,1,exact_selected_success,12,0.0,0.0,0.0,0.0,0.95,1,8,high_minus_low,exact_selected_success
ddim_eps,fetch_aligned,misaligned_speed_scorer,1,exact_selected_negative_final_distance,12,-0.0013696757530849586,0.0018297622474325325,-0.0052627999923418895,0.0011537727330869964,0.95,1,8,high_minus_low,exact_selected_negative_final_distance
ddim_eps,fetch_aligned,misaligned_speed_scorer,8,exact_selected_normalized_progress,12,0.0,0.0,0.0,0.0,0.95,1,8,high_minus_low,exact_selected_normalized_progress
ddim_eps,fetch_aligned,misaligned_speed_scorer,8,exact_selected_final_progress,12,0.00340244097365793,0.0032409348872970084,-5.259072701473412e-31,0.009904807362670126,0.95,1,8,high_minus_low,exact_selected_final_progress
ddim_eps,fetch_aligned,misaligned_speed_scorer,8,exact_selected_success,12,0.0,0.0,0.0,0.0,0.95,1,8,high_minus_low,exact_selected_success
ddim_eps,fetch_aligned,misaligned_speed_scorer,8,exact_selected_negative_final_distance,12,0.0009312377139135431,0.0009037298888382729,6.331740687315358e-18,0.0027426256453753368,0.95,1,8,high_minus_low,exact_selected_negative_final_distance
ddim_eps,fetch_aligned,oracle_real_utility_selector,1,exact_selected_normalized_progress,12,0.0,0.0,0.0,0.0,0.95,1,8,high_minus_low,exact_selected_normalized_progress
ddim_eps,fetch_aligned,oracle_real_utility_selector,1,exact_selected_final_progress,12,0.012250334376992772,0.010593659926324678,-3.4594837614379753e-31,0.03348332310594018,0.95,1,8,high_minus_low,exact_selected_final_progress
ddim_eps,fetch_aligned,oracle_real_utility_selector,1,exact_selected_success,12,0.0,0.0,0.0,0.0,0.95,1,8,high_minus_low,exact_selected_success
ddim_eps,fetch_aligned,oracle_real_utility_selector,1,exact_selected_negative_final_distance,12,0.002248011627855477,0.0018091882552516158,4.018776052679615e-18,0.005833745335558951,0.95,1,8,high_minus_low,exact_selected_negative_final_distance
ddim_eps,fetch_aligned,oracle_real_utility_selector,8,exact_selected_normalized_progress,12,0.0,0.0,0.0,0.0,0.95,1,8,high_minus_low,exact_selected_normalized_progress
ddim_eps,fetch_aligned,oracle_real_utility_selector,8,exact_selected_final_progress,12,0.0031468326751628224,0.002981566993771756,-1.6434602192104413e-31,0.011966664539142706,0.95,1,8,high_minus_low,exact_selected_final_progress
ddim_eps,fetch_aligned,oracle_real_utility_selector,8,exact_selected_success,12,0.0,0.0,0.0,0.0,0.95,1,8,high_minus_low,exact_selected_success
ddim_eps,fetch_aligned,oracle_real_utility_selector,8,exact_selected_negative_final_distance,12,0.0008596031940323323,0.0008314268017434861,3.469446951953614e-18,0.003333597405812739,0.95,1,8,high_minus_low,exact_selected_negative_final_distance
ddim_eps,fetch_aligned,random_sample_selection,1,exact_selected_normalized_progress,12,0.0,0.0,0.0,0.0,0.95,1,8,high_minus_low,exact_selected_normalized_progress
ddim_eps,fetch_aligned,random_sample_selection,1,exact_selected_final_progress,12,0.0072859590359890805,0.0057744496286767566,-5.259072701473412e-31,0.021857877107967244,0.95,1,8,high_minus_low,exact_selected_final_progress
ddim_eps,fetch_aligned,random_sample_selection,1,exact_selected_success,12,0.0,0.0,0.0,0.0,0.95,1,8,high_minus_low,exact_selected_success
ddim_eps,fetch_aligned,random_sample_selection,1,exact_selected_negative_final_distance,12,0.0014046096625026441,0.0010218758248065477,3.469446951953614e-18,0.003849056073277445,0.95,1,8,high_minus_low,exact_selected_negative_final_distance
ddim_eps,fetch_aligned,random_sample_selection,8,exact_selected_normalized_progress,12,0.0,0.0,0.0,0.0,0.95,1,8,high_minus_low,exact_selected_normalized_progress
ddim_eps,fetch_aligned,random_sample_selection,8,exact_selected_final_progress,12,0.0033170110084218747,0.0031510420977557112,-5.259072701473412e-31,0.009639764275980315,0.95,1,8,high_minus_low,exact_selected_final_progress
ddim_eps,fetch_aligned,random_sample_selection,8,exact_selected_success,12,0.0,0.0,0.0,0.0,0.95,1,8,high_minus_low,exact_selected_success
ddim_eps,fetch_aligned,random_sample_selection,8,exact_selected_negative_final_distance,12,0.0009069590727855473,0.0008786767967541443,6.331740687315358e-18,0.0026683115216139318,0.95,1,8,high_minus_low,exact_selected_negative_final_distance
ddim_eps,fetch_aligned,uncertainty_aware_critic,1,exact_selected_normalized_progress,12,0.0,0.0,0.0,0.0,0.95,1,8,high_minus_low,exact_selected_normalized_progress
ddim_eps,fetch_aligned,uncertainty_aware_critic,1,exact_selected_final_progress,12,0.00991174642557606,0.0082906041891526,-4.601688613789236e-31,0.026467559251690042,0.95,1,8,high_minus_low,exact_selected_final_progress
ddim_eps,fetch_aligned,uncertainty_aware_critic,1,exact_selected_success,12,0.0,0.0,0.0,0.0,0.95,1,8,high_minus_low,exact_selected_success
ddim_eps,fetch_aligned,uncertainty_aware_critic,1,exact_selected_negative_final_distance,12,0.0018530811848137055,0.0014302792419709635,4.018776052679615e-18,0.004648954006433642,0.95,1,8,high_minus_low,exact_selected_negative_final_distance
ddim_eps,fetch_aligned,uncertainty_aware_critic,8,exact_selected_normalized_progress,12,0.0,0.0,0.0,0.0,0.95,1,8,high_minus_low,exact_selected_normalized_progress
ddim_eps,fetch_aligned,uncertainty_aware_critic,8,exact_selected_final_progress,12,0.0033830738749553394,0.003242255772070812,-3.1307917175958874e-31,0.009886203924345277,0.95,1,8,high_minus_low,exact_selected_final_progress
ddim_eps,fetch_aligned,uncertainty_aware_critic,8,exact_selected_success,12,0.0,0.0,0.0,0.0,0.95,1,8,high_minus_low,exact_selected_success
ddim_eps,fetch_aligned,uncertainty_aware_critic,8,exact_selected_negative_final_distance,12,0.0009280089695300498,0.0009040519376641707,5.782411586589357e-18,0.0027396096366497976,0.95,1,8,high_minus_low,exact_selected_negative_final_distance
ddim_eps,fetch_high_temp_misaligned,anti_oracle_negative_control,1,exact_selected_normalized_progress,12,-0.0001786822763692787,0.0001786822763692787,-0.0005360468291078361,0.0,0.95,1,8,high_minus_low,exact_selected_normalized_progress
ddim_eps,fetch_high_temp_misaligned,anti_oracle_negative_control,1,exact_selected_final_progress,12,-0.21075553063497343,0.07045324825890979,-0.348825007454434,-0.08323796106558551,0.95,1,8,high_minus_low,exact_selected_final_progress
ddim_eps,fetch_high_temp_misaligned,anti_oracle_negative_control,1,exact_selected_success,12,0.0,0.0,0.0,0.0,0.95,1,8,high_minus_low,exact_selected_success
ddim_eps,fetch_high_temp_misaligned,anti_oracle_negative_control,1,exact_selected_negative_final_distance,12,-0.035328690496408764,0.010536841416630806,-0.05480880980316537,-0.014911529786270195,0.95,1,8,high_minus_low,exact_selected_negative_final_distance
ddim_eps,fetch_high_temp_misaligned,anti_oracle_negative_control,8,exact_selected_normalized_progress,12,-0.0006827939355984925,0.0007021457668851335,-0.002101001761624145,5.261995482866767e-05,0.95,1,8,high_minus_low,exact_selected_normalized_progress
ddim_eps,fetch_high_temp_misaligned,anti_oracle_negative_control,8,exact_selected_final_progress,12,-0.19060028135331797,0.060761467130476136,-0.3059981753619406,-0.07534821444712517,0.95,1,8,high_minus_low,exact_selected_final_progress
ddim_eps,fetch_high_temp_misaligned,anti_oracle_negative_control,8,exact_selected_success,12,0.0,0.0,0.0,0.0,0.95,1,8,high_minus_low,exact_selected_success
ddim_eps,fetch_high_temp_misaligned,anti_oracle_negative_control,8,exact_selected_negative_final_distance,12,-0.0372208217120906,0.014523235277334078,-0.06459982162436811,-0.011343174450251414,0.95,1,8,high_minus_low,exact_selected_negative_final_distance
ddim_eps,fetch_high_temp_misaligned,diffusion_internal_score,1,exact_selected_normalized_progress,12,-0.00015098400196732287,0.00015098400196732287,-0.0004529520059019687,0.0,0.95,1,8,high_minus_low,exact_selected_normalized_progress
ddim_eps,fetch_high_temp_misaligned,diffusion_internal_score,1,exact_selected_final_progress,12,0.0029914176516248926,0.012553253337894437,-0.022786811306857394,0.02768293405516433,0.95,1,8,high_minus_low,exact_selected_final_progress
ddim_eps,fetch_high_temp_misaligned,diffusion_internal_score,1,exact_selected_success,12,0.0,0.0,0.0,0.0,0.95,1,8,high_minus_low,exact_selected_success
ddim_eps,fetch_high_temp_misaligned,diffusion_internal_score,1,exact_selected_negative_final_distance,12,-0.0008139394519738342,0.0026046083337388304,-0.007058889938048928,0.003505339629559192,0.95,1,8,high_minus_low,exact_selected_negative_final_distance
ddim_eps,fetch_high_temp_misaligned,diffusion_internal_score,8,exact_selected_normalized_progress,12,0.0029587083208769925,0.002978950082034607,-4.6719341344679096e-05,0.00893163309096129,0.95,1,8,high_minus_low,exact_selected_normalized_progress
ddim_eps,fetch_high_temp_misaligned,diffusion_internal_score,8,exact_selected_final_progress,12,0.014048155916032723,0.021683790671620785,-0.025699986079326456,0.05355604452415815,0.95,1,8,high_minus_low,exact_selected_final_progress
ddim_eps,fetch_high_temp_misaligned,diffusion_internal_score,8,exact_selected_success,12,0.0,0.0,0.0,0.0,0.95,1,8,high_minus_low,exact_selected_success
ddim_eps,fetch_high_temp_misaligned,diffusion_internal_score,8,exact_selected_negative_final_distance,12,0.003305854540119209,0.0031142353163743,-0.001600262943675188,0.0094089158994002,0.95,1,8,high_minus_low,exact_selected_negative_final_distance
ddim_eps,fetch_high_temp_misaligned,goal_progress_heuristic,1,exact_selected_normalized_progress,12,-6.885724831110045e-05,6.885724831110045e-05,-0.00020657174493330136,0.0,0.95,1,8,high_minus_low,exact_selected_normalized_progress
ddim_eps,fetch_high_temp_misaligned,goal_progress_heuristic,1,exact_selected_final_progress,12,0.05093109712847971,0.0430826641798594,-0.009982378398453886,0.1456267903571312,0.95,1,8,high_minus_low,exact_selected_final_progress
ddim_eps,fetch_high_temp_misaligned,goal_progress_heuristic,1,exact_selected_success,12,0.0,0.0,0.0,0.0,0.95,1,8,high_minus_low,exact_selected_success
ddim_eps,fetch_high_temp_misaligned,goal_progress_heuristic,1,exact_selected_negative_final_distance,12,0.006639351453383127,0.004310812053918132,-0.00026032880500234754,0.016379178134119158,0.95,1,8,high_minus_low,exact_selected_negative_final_distance
ddim_eps,fetch_high_temp_misaligned,goal_progress_heuristic,8,exact_selected_normalized_progress,12,-0.0007188366299848191,0.0006988947967133797,-0.002156509889954457,0.0,0.95,1,8,high_minus_low,exact_selected_normalized_progress
ddim_eps,fetch_high_temp_misaligned,goal_progress_heuristic,8,exact_selected_final_progress,12,-0.012798946664807243,0.02604183514508237,-0.06594153588485702,0.029969916684277842,0.95,1,8,high_minus_low,exact_selected_final_progress
ddim_eps,fetch_high_temp_misaligned,goal_progress_heuristic,8,exact_selected_success,12,0.0,0.0,0.0,0.0,0.95,1,8,high_minus_low,exact_selected_success
ddim_eps,fetch_high_temp_misaligned,goal_progress_heuristic,8,exact_selected_negative_final_distance,12,-0.0024018897078821842,0.005865037090864896,-0.014564554043403915,0.006791931083199494,0.95,1,8,high_minus_low,exact_selected_negative_final_distance
ddim_eps,fetch_high_temp_misaligned,learned_value_critic_from_pilot_rollouts,1,exact_selected_normalized_progress,12,0.0007596017107355668,0.000759601710735567,0.0,0.0022788051322067005,0.95,1,8,high_minus_low,exact_selected_normalized_progress
ddim_eps,fetch_high_temp_misaligned,learned_value_critic_from_pilot_rollouts,1,exact_selected_final_progress,12,0.11821770342879202,0.060871875470031395,0.027659567813746552,0.25052750014238623,0.95,1,8,high_minus_low,exact_selected_final_progress
ddim_eps,fetch_high_temp_misaligned,learned_value_critic_from_pilot_rollouts,1,exact_selected_success,12,0.0,0.0,0.0,0.0,0.95,1,8,high_minus_low,exact_selected_success
ddim_eps,fetch_high_temp_misaligned,learned_value_critic_from_pilot_rollouts,1,exact_selected_negative_final_distance,12,0.0178868358391627,0.006936535453823295,0.006038152346484808,0.03219363725984085,0.95,1,8,high_minus_low,exact_selected_negative_final_distance
ddim_eps,fetch_high_temp_misaligned,learned_value_critic_from_pilot_rollouts,8,exact_selected_normalized_progress,12,0.002958710561864026,0.002978949864509169,-5.550140536921105e-05,0.00893163309096129,0.95,1,8,high_minus_low,exact_selected_normalized_progress
ddim_eps,fetch_high_temp_misaligned,learned_value_critic_from_pilot_rollouts,8,exact_selected_final_progress,12,0.10759578864797885,0.050888828432393826,0.03353345775929464,0.21729416547994646,0.95,1,8,high_minus_low,exact_selected_final_progress
ddim_eps,fetch_high_temp_misaligned,learned_value_critic_from_pilot_rollouts,8,exact_selected_success,12,0.0,0.0,0.0,0.0,0.95,1,8,high_minus_low,exact_selected_success
ddim_eps,fetch_high_temp_misaligned,learned_value_critic_from_pilot_rollouts,8,exact_selected_negative_final_distance,12,0.01712052228279091,0.0062557570633241496,0.006581687583189547,0.030239783856745556,0.95,1,8,high_minus_low,exact_selected_negative_final_distance
ddim_eps,fetch_high_temp_misaligned,misaligned_speed_scorer,1,exact_selected_normalized_progress,12,-0.00015098400196732287,0.00015098400196732287,-0.0004529520059019687,0.0,0.95,1,8,high_minus_low,exact_selected_normalized_progress
ddim_eps,fetch_high_temp_misaligned,misaligned_speed_scorer,1,exact_selected_final_progress,12,-0.035658028999939154,0.040041944453248955,-0.11930821259784113,0.028123738868912358,0.95,1,8,high_minus_low,exact_selected_final_progress
ddim_eps,fetch_high_temp_misaligned,misaligned_speed_scorer,1,exact_selected_success,12,0.0,0.0,0.0,0.0,0.95,1,8,high_minus_low,exact_selected_success
ddim_eps,fetch_high_temp_misaligned,misaligned_speed_scorer,1,exact_selected_negative_final_distance,12,-0.0018539603723094628,0.006182375632963561,-0.012926571478193689,0.009270242856136353,0.95,1,8,high_minus_low,exact_selected_negative_final_distance
ddim_eps,fetch_high_temp_misaligned,misaligned_speed_scorer,8,exact_selected_normalized_progress,12,0.002994751015263319,0.0029756677539088225,0.0,0.008984253045789958,0.95,1,8,high_minus_low,exact_selected_normalized_progress
ddim_eps,fetch_high_temp_misaligned,misaligned_speed_scorer,8,exact_selected_final_progress,12,0.031821600184186706,0.018363802319437388,-0.0032402348566917755,0.06612765055517841,0.95,1,8,high_minus_low,exact_selected_final_progress
ddim_eps,fetch_high_temp_misaligned,misaligned_speed_scorer,8,exact_selected_success,12,0.0,0.0,0.0,0.0,0.95,1,8,high_minus_low,exact_selected_success
ddim_eps,fetch_high_temp_misaligned,misaligned_speed_scorer,8,exact_selected_negative_final_distance,12,0.007672570900433232,0.003985504861519659,0.001124711693093496,0.015431037296642504,0.95,1,8,high_minus_low,exact_selected_negative_final_distance
ddim_eps,fetch_high_temp_misaligned,oracle_real_utility_selector,1,exact_selected_normalized_progress,12,0.0007596017107355668,0.000759601710735567,0.0,0.0022788051322067005,0.95,1,8,high_minus_low,exact_selected_normalized_progress
ddim_eps,fetch_high_temp_misaligned,oracle_real_utility_selector,1,exact_selected_final_progress,12,0.11904708870957238,0.0610168966274419,0.03230133409614897,0.2520686020477149,0.95,1,8,high_minus_low,exact_selected_final_progress
ddim_eps,fetch_high_temp_misaligned,oracle_real_utility_selector,1,exact_selected_success,12,0.0,0.0,0.0,0.0,0.95,1,8,high_minus_low,exact_selected_success
ddim_eps,fetch_high_temp_misaligned,oracle_real_utility_selector,1,exact_selected_negative_final_distance,12,0.018040941580158138,0.006984511058083063,0.0060941188426436345,0.03247331856125843,0.95,1,8,high_minus_low,exact_selected_negative_final_distance
ddim_eps,fetch_high_temp_misaligned,oracle_real_utility_selector,8,exact_selected_normalized_progress,12,0.002958710561864026,0.002978949864509169,-5.550140536921105e-05,0.00893163309096129,0.95,1,8,high_minus_low,exact_selected_normalized_progress
ddim_eps,fetch_high_temp_misaligned,oracle_real_utility_selector,8,exact_selected_final_progress,12,0.10775568419818482,0.051034956984648217,0.03310036504126351,0.21383275618854752,0.95,1,8,high_minus_low,exact_selected_final_progress
ddim_eps,fetch_high_temp_misaligned,oracle_real_utility_selector,8,exact_selected_success,12,0.0,0.0,0.0,0.0,0.95,1,8,high_minus_low,exact_selected_success
ddim_eps,fetch_high_temp_misaligned,oracle_real_utility_selector,8,exact_selected_negative_final_distance,12,0.017135975036790378,0.006265358498454994,0.005712043661182585,0.029109219871343735,0.95,1,8,high_minus_low,exact_selected_negative_final_distance
ddim_eps,fetch_high_temp_misaligned,random_sample_selection,1,exact_selected_normalized_progress,12,-0.00017866063496234244,0.00017866063496234244,-0.0005359819048870273,0.0,0.95,1,8,high_minus_low,exact_selected_normalized_progress
ddim_eps,fetch_high_temp_misaligned,random_sample_selection,1,exact_selected_final_progress,12,0.017755978585717265,0.03578144413690825,-0.04210025697703136,0.09034357764445146,0.95,1,8,high_minus_low,exact_selected_final_progress
ddim_eps,fetch_high_temp_misaligned,random_sample_selection,1,exact_selected_success,12,0.0,0.0,0.0,0.0,0.95,1,8,high_minus_low,exact_selected_success
ddim_eps,fetch_high_temp_misaligned,random_sample_selection,1,exact_selected_negative_final_distance,12,-0.00020968497417494839,0.005602901200748747,-0.011110214441884519,0.01009216465863952,0.95,1,8,high_minus_low,exact_selected_negative_final_distance
ddim_eps,fetch_high_temp_misaligned,random_sample_selection,8,exact_selected_normalized_progress,12,-0.00062159166225066,0.0007117234722509815,-0.00210074729523262,0.00015731487232042667,0.95,1,8,high_minus_low,exact_selected_normalized_progress
ddim_eps,fetch_high_temp_misaligned,random_sample_selection,8,exact_selected_final_progress,12,-0.009616189247310815,0.028192054229229005,-0.06448586981150653,0.040962795094717966,0.95,1,8,high_minus_low,exact_selected_final_progress
ddim_eps,fetch_high_temp_misaligned,random_sample_selection,8,exact_selected_success,12,0.0,0.0,0.0,0.0,0.95,1,8,high_minus_low,exact_selected_success
ddim_eps,fetch_high_temp_misaligned,random_sample_selection,8,exact_selected_negative_final_distance,12,-0.00035449044226746815,0.005798080822840492,-0.010555351602065518,0.01041681459869366,0.95,1,8,high_minus_low,exact_selected_negative_final_distance
ddim_eps,fetch_high_temp_misaligned,uncertainty_aware_critic,1,exact_selected_normalized_progress,12,0.0007596017107355668,0.000759601710735567,0.0,0.0022788051322067005,0.95,1,8,high_minus_low,exact_selected_normalized_progress
ddim_eps,fetch_high_temp_misaligned,uncertainty_aware_critic,1,exact_selected_final_progress,12,0.11722494060984506,0.06000516665307449,0.029218769646052294,0.24829437348217728,0.95,1,8,high_minus_low,exact_selected_final_progress
ddim_eps,fetch_high_temp_misaligned,uncertainty_aware_critic,1,exact_selected_success,12,0.0,0.0,0.0,0.0,0.95,1,8,high_minus_low,exact_selected_success
ddim_eps,fetch_high_temp_misaligned,uncertainty_aware_critic,1,exact_selected_negative_final_distance,12,0.017823827905866677,0.006921268460658397,0.005232226441332214,0.0318237938745009,0.95,1,8,high_minus_low,exact_selected_negative_final_distance
ddim_eps,fetch_high_temp_misaligned,uncertainty_aware_critic,8,exact_selected_normalized_progress,12,0.002959228635716848,0.002978899621557678,-4.540554637404461e-05,0.00893163309096129,0.95,1,8,high_minus_low,exact_selected_normalized_progress
ddim_eps,fetch_high_temp_misaligned,uncertainty_aware_critic,8,exact_selected_final_progress,12,0.10665797884559858,0.0506897185532659,0.030052202436681878,0.20565985718369,0.95,1,8,high_minus_low,exact_selected_final_progress
ddim_eps,fetch_high_temp_misaligned,uncertainty_aware_critic,8,exact_selected_success,12,0.0,0.0,0.0,0.0,0.95,1,8,high_minus_low,exact_selected_success
ddim_eps,fetch_high_temp_misaligned,uncertainty_aware_critic,8,exact_selected_negative_final_distance,12,0.0169185224902243,0.006188240278565287,0.005917667044808562,0.028657219616070526,0.95,1,8,high_minus_low,exact_selected_negative_final_distance
ddim_eps,fetch_low_diversity,anti_oracle_negative_control,1,exact_selected_normalized_progress,12,0.0,0.0,0.0,0.0,0.95,1,8,high_minus_low,exact_selected_normalized_progress
ddim_eps,fetch_low_diversity,anti_oracle_negative_control,1,exact_selected_final_progress,12,0.0,2.7464611451192733e-31,-4.601688613789236e-31,4.601688613789236e-31,0.95,1,8,high_minus_low,exact_selected_final_progress
ddim_eps,fetch_low_diversity,anti_oracle_negative_control,1,exact_selected_success,12,0.0,0.0,0.0,0.0,0.95,1,8,high_minus_low,exact_selected_success
ddim_eps,fetch_low_diversity,anti_oracle_negative_control,1,exact_selected_negative_final_distance,12,2.3129646346357427e-18,5.557244599851e-18,-7.8207116708621e-18,1.214306433183765e-17,0.95,1,8,high_minus_low,exact_selected_negative_final_distance
ddim_eps,fetch_low_diversity,anti_oracle_negative_control,8,exact_selected_normalized_progress,12,0.0,0.0,0.0,0.0,0.95,1,8,high_minus_low,exact_selected_normalized_progress
ddim_eps,fetch_low_diversity,anti_oracle_negative_control,8,exact_selected_final_progress,12,0.0,2.7464611451192733e-31,-5.259072701473412e-31,4.946815259823413e-31,0.95,1,8,high_minus_low,exact_selected_final_progress
ddim_eps,fetch_low_diversity,anti_oracle_negative_control,8,exact_selected_success,12,0.0,0.0,0.0,0.0,0.95,1,8,high_minus_low,exact_selected_success
ddim_eps,fetch_low_diversity,anti_oracle_negative_control,8,exact_selected_negative_final_distance,12,2.3129646346357427e-18,5.557244599851e-18,-7.517135062566164e-18,1.3299546649155522e-17,0.95,1,8,high_minus_low,exact_selected_negative_final_distance
ddim_eps,fetch_low_diversity,diffusion_internal_score,1,exact_selected_normalized_progress,12,0.0,0.0,0.0,0.0,0.95,1,8,high_minus_low,exact_selected_normalized_progress
ddim_eps,fetch_low_diversity,diffusion_internal_score,1,exact_selected_final_progress,12,0.0,2.7464611451192733e-31,-5.259072701473412e-31,5.259072701473412e-31,0.95,1,8,high_minus_low,exact_selected_final_progress
ddim_eps,fetch_low_diversity,diffusion_internal_score,1,exact_selected_success,12,0.0,0.0,0.0,0.0,0.95,1,8,high_minus_low,exact_selected_success
ddim_eps,fetch_low_diversity,diffusion_internal_score,1,exact_selected_negative_final_distance,12,2.3129646346357427e-18,5.557244599851e-18,-8.97719398817997e-18,1.3299546649155522e-17,0.95,1,8,high_minus_low,exact_selected_negative_final_distance
ddim_eps,fetch_low_diversity,diffusion_internal_score,8,exact_selected_normalized_progress,12,0.0,0.0,0.0,0.0,0.95,1,8,high_minus_low,exact_selected_normalized_progress
ddim_eps,fetch_low_diversity,diffusion_internal_score,8,exact_selected_final_progress,12,0.0,2.7464611451192733e-31,-5.259072701473412e-31,5.604199347507589e-31,0.95,1,8,high_minus_low,exact_selected_final_progress
ddim_eps,fetch_low_diversity,diffusion_internal_score,8,exact_selected_success,12,0.0,0.0,0.0,0.0,0.95,1,8,high_minus_low,exact_selected_success
ddim_eps,fetch_low_diversity,diffusion_internal_score,8,exact_selected_negative_final_distance,12,2.3129646346357427e-18,5.557244599851e-18,-7.517135062566164e-18,1.214306433183765e-17,0.95,1,8,high_minus_low,exact_selected_negative_final_distance
ddim_eps,fetch_low_diversity,goal_progress_heuristic,1,exact_selected_normalized_progress,12,0.0,0.0,0.0,0.0,0.95,1,8,high_minus_low,exact_selected_normalized_progress
ddim_eps,fetch_low_diversity,goal_progress_heuristic,1,exact_selected_final_progress,12,0.0,2.7464611451192733e-31,-5.259072701473412e-31,4.601688613789236e-31,0.95,1,8,high_minus_low,exact_selected_final_progress
ddim_eps,fetch_low_diversity,goal_progress_heuristic,1,exact_selected_success,12,0.0,0.0,0.0,0.0,0.95,1,8,high_minus_low,exact_selected_success
ddim_eps,fetch_low_diversity,goal_progress_heuristic,1,exact_selected_negative_final_distance,12,2.3129646346357427e-18,5.557244599851e-18,-7.8207116708621e-18,1.3299546649155522e-17,0.95,1,8,high_minus_low,exact_selected_negative_final_distance
ddim_eps,fetch_low_diversity,goal_progress_heuristic,8,exact_selected_normalized_progress,12,0.0,0.0,0.0,0.0,0.95,1,8,high_minus_low,exact_selected_normalized_progress
ddim_eps,fetch_low_diversity,goal_progress_heuristic,8,exact_selected_final_progress,12,0.0,2.7464611451192733e-31,-5.9164567891575885e-31,5.259072701473412e-31,0.95,1,8,high_minus_low,exact_selected_final_progress
ddim_eps,fetch_low_diversity,goal_progress_heuristic,8,exact_selected_success,12,0.0,0.0,0.0,0.0,0.95,1,8,high_minus_low,exact_selected_success
ddim_eps,fetch_low_diversity,goal_progress_heuristic,8,exact_selected_negative_final_distance,12,2.3129646346357427e-18,5.557244599851e-18,-7.517135062566164e-18,1.214306433183765e-17,0.95,1,8,high_minus_low,exact_selected_negative_final_distance
ddim_eps,fetch_low_diversity,learned_value_critic_from_pilot_rollouts,1,exact_selected_normalized_progress,12,0.0,0.0,0.0,0.0,0.95,1,8,high_minus_low,exact_selected_normalized_progress
ddim_eps,fetch_low_diversity,learned_value_critic_from_pilot_rollouts,1,exact_selected_final_progress,12,0.0,2.7464611451192733e-31,-4.601688613789236e-31,4.601688613789236e-31,0.95,1,8,high_minus_low,exact_selected_final_progress
ddim_eps,fetch_low_diversity,learned_value_critic_from_pilot_rollouts,1,exact_selected_success,12,0.0,0.0,0.0,0.0,0.95,1,8,high_minus_low,exact_selected_success
ddim_eps,fetch_low_diversity,learned_value_critic_from_pilot_rollouts,1,exact_selected_negative_final_distance,12,2.3129646346357427e-18,5.557244599851e-18,-8.0953762212251e-18,1.2721305490496585e-17,0.95,1,8,high_minus_low,exact_selected_negative_final_distance
ddim_eps,fetch_low_diversity,learned_value_critic_from_pilot_rollouts,8,exact_selected_normalized_progress,12,0.0,0.0,0.0,0.0,0.95,1,8,high_minus_low,exact_selected_normalized_progress
ddim_eps,fetch_low_diversity,learned_value_critic_from_pilot_rollouts,8,exact_selected_final_progress,12,0.0,2.7464611451192733e-31,-5.604199347507598e-31,4.601688613789236e-31,0.95,1,8,high_minus_low,exact_selected_final_progress
ddim_eps,fetch_low_diversity,learned_value_critic_from_pilot_rollouts,8,exact_selected_success,12,0.0,0.0,0.0,0.0,0.95,1,8,high_minus_low,exact_selected_success
ddim_eps,fetch_low_diversity,learned_value_critic_from_pilot_rollouts,8,exact_selected_negative_final_distance,12,2.3129646346357427e-18,5.557244599851e-18,-8.0953762212251e-18,1.3024882098792513e-17,0.95,1,8,high_minus_low,exact_selected_negative_final_distance
ddim_eps,fetch_low_diversity,misaligned_speed_scorer,1,exact_selected_normalized_progress,12,0.0,0.0,0.0,0.0,0.95,1,8,high_minus_low,exact_selected_normalized_progress
ddim_eps,fetch_low_diversity,misaligned_speed_scorer,1,exact_selected_final_progress,12,0.0,2.7464611451192733e-31,-5.259072701473412e-31,4.601688613789236e-31,0.95,1,8,high_minus_low,exact_selected_final_progress
ddim_eps,fetch_low_diversity,misaligned_speed_scorer,1,exact_selected_success,12,0.0,0.0,0.0,0.0,0.95,1,8,high_minus_low,exact_selected_success
ddim_eps,fetch_low_diversity,misaligned_speed_scorer,1,exact_selected_negative_final_distance,12,2.3129646346357427e-18,5.557244599851e-18,-7.8207116708621e-18,1.3299546649155522e-17,0.95,1,8,high_minus_low,exact_selected_negative_final_distance
ddim_eps,fetch_low_diversity,misaligned_speed_scorer,8,exact_selected_normalized_progress,12,0.0,0.0,0.0,0.0,0.95,1,8,high_minus_low,exact_selected_normalized_progress
ddim_eps,fetch_low_diversity,misaligned_speed_scorer,8,exact_selected_final_progress,12,0.0,2.7464611451192733e-31,-5.9164567891575885e-31,5.259072701473412e-31,0.95,1,8,high_minus_low,exact_selected_final_progress
ddim_eps,fetch_low_diversity,misaligned_speed_scorer,8,exact_selected_success,12,0.0,0.0,0.0,0.0,0.95,1,8,high_minus_low,exact_selected_success
ddim_eps,fetch_low_diversity,misaligned_speed_scorer,8,exact_selected_negative_final_distance,12,2.3129646346357427e-18,5.557244599851e-18,-7.517135062566164e-18,1.214306433183765e-17,0.95,1,8,high_minus_low,exact_selected_negative_final_distance
ddim_eps,fetch_low_diversity,oracle_real_utility_selector,1,exact_selected_normalized_progress,12,0.0,0.0,0.0,0.0,0.95,1,8,high_minus_low,exact_selected_normalized_progress
ddim_eps,fetch_low_diversity,oracle_real_utility_selector,1,exact_selected_final_progress,12,0.0,2.7464611451192733e-31,-4.601688613789236e-31,4.601688613789236e-31,0.95,1,8,high_minus_low,exact_selected_final_progress
ddim_eps,fetch_low_diversity,oracle_real_utility_selector,1,exact_selected_success,12,0.0,0.0,0.0,0.0,0.95,1,8,high_minus_low,exact_selected_success
ddim_eps,fetch_low_diversity,oracle_real_utility_selector,1,exact_selected_negative_final_distance,12,2.3129646346357427e-18,5.557244599851e-18,-7.8207116708621e-18,1.214306433183765e-17,0.95,1,8,high_minus_low,exact_selected_negative_final_distance
ddim_eps,fetch_low_diversity,oracle_real_utility_selector,8,exact_selected_normalized_progress,12,0.0,0.0,0.0,0.0,0.95,1,8,high_minus_low,exact_selected_normalized_progress
ddim_eps,fetch_low_diversity,oracle_real_utility_selector,8,exact_selected_final_progress,12,0.0,2.7464611451192733e-31,-5.259072701473412e-31,4.946815259823413e-31,0.95,1,8,high_minus_low,exact_selected_final_progress
ddim_eps,fetch_low_diversity,oracle_real_utility_selector,8,exact_selected_success,12,0.0,0.0,0.0,0.0,0.95,1,8,high_minus_low,exact_selected_success
ddim_eps,fetch_low_diversity,oracle_real_utility_selector,8,exact_selected_negative_final_distance,12,2.3129646346357427e-18,5.557244599851e-18,-7.517135062566164e-18,1.3299546649155522e-17,0.95,1,8,high_minus_low,exact_selected_negative_final_distance
ddim_eps,fetch_low_diversity,random_sample_selection,1,exact_selected_normalized_progress,12,0.0,0.0,0.0,0.0,0.95,1,8,high_minus_low,exact_selected_normalized_progress
ddim_eps,fetch_low_diversity,random_sample_selection,1,exact_selected_final_progress,12,0.0,2.7464611451192733e-31,-5.259072701473412e-31,4.601688613789236e-31,0.95,1,8,high_minus_low,exact_selected_final_progress
ddim_eps,fetch_low_diversity,random_sample_selection,1,exact_selected_success,12,0.0,0.0,0.0,0.0,0.95,1,8,high_minus_low,exact_selected_success
ddim_eps,fetch_low_diversity,random_sample_selection,1,exact_selected_negative_final_distance,12,2.3129646346357427e-18,5.557244599851e-18,-7.8207116708621e-18,1.3299546649155522e-17,0.95,1,8,high_minus_low,exact_selected_negative_final_distance
ddim_eps,fetch_low_diversity,random_sample_selection,8,exact_selected_normalized_progress,12,0.0,0.0,0.0,0.0,0.95,1,8,high_minus_low,exact_selected_normalized_progress
ddim_eps,fetch_low_diversity,random_sample_selection,8,exact_selected_final_progress,12,0.0,2.7464611451192733e-31,-5.9164567891575885e-31,5.259072701473412e-31,0.95,1,8,high_minus_low,exact_selected_final_progress
ddim_eps,fetch_low_diversity,random_sample_selection,8,exact_selected_success,12,0.0,0.0,0.0,0.0,0.95,1,8,high_minus_low,exact_selected_success
ddim_eps,fetch_low_diversity,random_sample_selection,8,exact_selected_negative_final_distance,12,2.3129646346357427e-18,5.557244599851e-18,-7.517135062566164e-18,1.214306433183765e-17,0.95,1,8,high_minus_low,exact_selected_negative_final_distance
ddim_eps,fetch_low_diversity,uncertainty_aware_critic,1,exact_selected_normalized_progress,12,0.0,0.0,0.0,0.0,0.95,1,8,high_minus_low,exact_selected_normalized_progress
ddim_eps,fetch_low_diversity,uncertainty_aware_critic,1,exact_selected_final_progress,12,0.0,2.7464611451192733e-31,-5.259072701473412e-31,5.259072701473412e-31,0.95,1,8,high_minus_low,exact_selected_final_progress
ddim_eps,fetch_low_diversity,uncertainty_aware_critic,1,exact_selected_success,12,0.0,0.0,0.0,0.0,0.95,1,8,high_minus_low,exact_selected_success
ddim_eps,fetch_low_diversity,uncertainty_aware_critic,1,exact_selected_negative_final_distance,12,2.3129646346357427e-18,5.557244599851e-18,-8.97719398817997e-18,1.3299546649155522e-17,0.95,1,8,high_minus_low,exact_selected_negative_final_distance
ddim_eps,fetch_low_diversity,uncertainty_aware_critic,8,exact_selected_normalized_progress,12,0.0,0.0,0.0,0.0,0.95,1,8,high_minus_low,exact_selected_normalized_progress
ddim_eps,fetch_low_diversity,uncertainty_aware_critic,8,exact_selected_final_progress,12,0.0,2.7464611451192733e-31,-5.259072701473412e-31,5.604199347507589e-31,0.95,1,8,high_minus_low,exact_selected_final_progress
ddim_eps,fetch_low_diversity,uncertainty_aware_critic,8,exact_selected_success,12,0.0,0.0,0.0,0.0,0.95,1,8,high_minus_low,exact_selected_success
ddim_eps,fetch_low_diversity,uncertainty_aware_critic,8,exact_selected_negative_final_distance,12,2.3129646346357427e-18,5.557244599851e-18,-7.517135062566164e-18,1.214306433183765e-17,0.95,1,8,high_minus_low,exact_selected_negative_final_distance
ddpm_eps,fetch_aligned,anti_oracle_negative_control,8,exact_selected_normalized_progress,12,0.0,0.0,0.0,0.0,0.95,1,8,high_minus_low,exact_selected_normalized_progress
ddpm_eps,fetch_aligned,anti_oracle_negative_control,8,exact_selected_final_progress,12,-0.007272647678773847,0.0075129977825747225,-0.0295255093533984,0.0004349186383030103,0.95,1,8,high_minus_low,exact_selected_final_progress
ddpm_eps,fetch_aligned,anti_oracle_negative_control,8,exact_selected_success,12,0.0,0.0,0.0,0.0,0.95,1,8,high_minus_low,exact_selected_success
ddpm_eps,fetch_aligned,anti_oracle_negative_control,8,exact_selected_negative_final_distance,12,-0.0020498228640924293,0.0020902049069466935,-0.008272738602288745,7.344714591901438e-05,0.95,1,8,high_minus_low,exact_selected_negative_final_distance
ddpm_eps,fetch_aligned,diffusion_internal_score,8,exact_selected_normalized_progress,12,0.0,0.0,0.0,0.0,0.95,1,8,high_minus_low,exact_selected_normalized_progress
ddpm_eps,fetch_aligned,diffusion_internal_score,8,exact_selected_final_progress,12,0.0009290874118508865,0.0007019144664330742,-3.1307917175958874e-31,0.002324502903329142,0.95,1,8,high_minus_low,exact_selected_final_progress
ddpm_eps,fetch_aligned,diffusion_internal_score,8,exact_selected_success,12,0.0,0.0,0.0,0.0,0.95,1,8,high_minus_low,exact_selected_success
ddpm_eps,fetch_aligned,diffusion_internal_score,8,exact_selected_negative_final_distance,12,0.0002313820782013388,0.0001900179952311136,5.782411586589357e-18,0.000609669394035835,0.95,1,8,high_minus_low,exact_selected_negative_final_distance
ddpm_eps,fetch_aligned,goal_progress_heuristic,8,exact_selected_normalized_progress,12,0.0,0.0,0.0,0.0,0.95,1,8,high_minus_low,exact_selected_normalized_progress
ddpm_eps,fetch_aligned,goal_progress_heuristic,8,exact_selected_final_progress,12,-0.007272647678773847,0.0075129977825747225,-0.02247032099377606,0.0005490847808575455,0.95,1,8,high_minus_low,exact_selected_final_progress
ddpm_eps,fetch_aligned,goal_progress_heuristic,8,exact_selected_success,12,0.0,0.0,0.0,0.0,0.95,1,8,high_minus_low,exact_selected_success
ddpm_eps,fetch_aligned,goal_progress_heuristic,8,exact_selected_negative_final_distance,12,-0.0020498228640924293,0.0020902049069466935,-0.00625963931115579,9.27270217227415e-05,0.95,1,8,high_minus_low,exact_selected_negative_final_distance
ddpm_eps,fetch_aligned,learned_value_critic_from_pilot_rollouts,8,exact_selected_normalized_progress,12,0.0,0.0,0.0,0.0,0.95,1,8,high_minus_low,exact_selected_normalized_progress
ddpm_eps,fetch_aligned,learned_value_critic_from_pilot_rollouts,8,exact_selected_final_progress,12,0.002012024956066442,0.001756917358431669,-3.7881758052800637e-31,0.005535843688235343,0.95,1,8,high_minus_low,exact_selected_final_progress
ddpm_eps,fetch_aligned,learned_value_critic_from_pilot_rollouts,8,exact_selected_success,12,0.0,0.0,0.0,0.0,0.95,1,8,high_minus_low,exact_selected_success
ddpm_eps,fetch_aligned,learned_value_critic_from_pilot_rollouts,8,exact_selected_negative_final_distance,12,0.0005330599414225973,0.0004887949278099679,2.8622937353617435e-18,0.00151470298369961,0.95,1,8,high_minus_low,exact_selected_negative_final_distance
ddpm_eps,fetch_aligned,misaligned_speed_scorer,8,exact_selected_normalized_progress,12,0.0,0.0,0.0,0.0,0.95,1,8,high_minus_low,exact_selected_normalized_progress
ddpm_eps,fetch_aligned,misaligned_speed_scorer,8,exact_selected_final_progress,12,0.002011811559425482,0.0017567061174675691,-5.259072701473412e-31,0.005535203498312463,0.95,1,8,high_minus_low,exact_selected_final_progress
ddpm_eps,fetch_aligned,misaligned_speed_scorer,8,exact_selected_success,12,0.0,0.0,0.0,0.0,0.95,1,8,high_minus_low,exact_selected_success
ddpm_eps,fetch_aligned,misaligned_speed_scorer,8,exact_selected_negative_final_distance,12,0.0005330004947416631,0.0004887357016827901,6.331740687315358e-18,0.0015145246436568042,0.95,1,8,high_minus_low,exact_selected_negative_final_distance
ddpm_eps,fetch_aligned,oracle_real_utility_selector,8,exact_selected_normalized_progress,12,0.0,0.0,0.0,0.0,0.95,1,8,high_minus_low,exact_selected_normalized_progress
ddpm_eps,fetch_aligned,oracle_real_utility_selector,8,exact_selected_final_progress,12,0.002012024956066442,0.001756917358431669,-1.6434602192104413e-31,0.007047637464337803,0.95,1,8,high_minus_low,exact_selected_final_progress
ddpm_eps,fetch_aligned,oracle_real_utility_selector,8,exact_selected_success,12,0.0,0.0,0.0,0.0,0.95,1,8,high_minus_low,exact_selected_success
ddpm_eps,fetch_aligned,oracle_real_utility_selector,8,exact_selected_negative_final_distance,12,0.0005330599414225973,0.0004887949278099679,3.469446951953614e-18,0.001963286084554021,0.95,1,8,high_minus_low,exact_selected_negative_final_distance
ddpm_eps,fetch_aligned,random_sample_selection,8,exact_selected_normalized_progress,12,0.0,0.0,0.0,0.0,0.95,1,8,high_minus_low,exact_selected_normalized_progress
ddpm_eps,fetch_aligned,random_sample_selection,8,exact_selected_final_progress,12,0.001969715303375704,0.001708301073252835,-5.259072701473412e-31,0.005394440700867737,0.95,1,8,high_minus_low,exact_selected_final_progress
ddpm_eps,fetch_aligned,random_sample_selection,8,exact_selected_success,12,0.0,0.0,0.0,0.0,0.95,1,8,high_minus_low,exact_selected_success
ddpm_eps,fetch_aligned,random_sample_selection,8,exact_selected_negative_final_distance,12,0.0005204797007009552,0.0004750438918090037,6.331740687315358e-18,0.0014745179511555188,0.95,1,8,high_minus_low,exact_selected_negative_final_distance
ddpm_eps,fetch_aligned,uncertainty_aware_critic,8,exact_selected_normalized_progress,12,0.0,0.0,0.0,0.0,0.95,1,8,high_minus_low,exact_selected_normalized_progress
ddpm_eps,fetch_aligned,uncertainty_aware_critic,8,exact_selected_final_progress,12,0.0020184883731908386,0.0017572600961698387,-3.1307917175958874e-31,0.005542307105359741,0.95,1,8,high_minus_low,exact_selected_final_progress
ddpm_eps,fetch_aligned,uncertainty_aware_critic,8,exact_selected_success,12,0.0,0.0,0.0,0.0,0.95,1,8,high_minus_low,exact_selected_success
ddpm_eps,fetch_aligned,uncertainty_aware_critic,8,exact_selected_negative_final_distance,12,0.000534151454866405,0.00048879082796214,5.782411586589357e-18,0.0015157944971434182,0.95,1,8,high_minus_low,exact_selected_negative_final_distance
ddpm_eps,fetch_high_temp_misaligned,anti_oracle_negative_control,8,exact_selected_normalized_progress,12,-6.493331673438337e-06,6.493331673438337e-06,-1.947999502031501e-05,0.0,0.95,1,8,high_minus_low,exact_selected_normalized_progress
ddpm_eps,fetch_high_temp_misaligned,anti_oracle_negative_control,8,exact_selected_final_progress,12,-0.1596374805007809,0.05084079009715968,-0.25476083190172194,-0.06341460779176085,0.95,1,8,high_minus_low,exact_selected_final_progress
ddpm_eps,fetch_high_temp_misaligned,anti_oracle_negative_control,8,exact_selected_success,12,0.0,0.0,0.0,0.0,0.95,1,8,high_minus_low,exact_selected_success
ddpm_eps,fetch_high_temp_misaligned,anti_oracle_negative_control,8,exact_selected_negative_final_distance,12,-0.03125875432182072,0.011390669693893369,-0.05273416567807395,-0.009963021573102061,0.95,1,8,high_minus_low,exact_selected_negative_final_distance
ddpm_eps,fetch_high_temp_misaligned,diffusion_internal_score,8,exact_selected_normalized_progress,12,-1.6849980402769847e-05,1.6849980402769847e-05,-5.0549941208309546e-05,0.0,0.95,1,8,high_minus_low,exact_selected_normalized_progress
ddpm_eps,fetch_high_temp_misaligned,diffusion_internal_score,8,exact_selected_final_progress,12,-0.001903713526592914,0.02272129347369536,-0.04724528955085208,0.03944377881428502,0.95,1,8,high_minus_low,exact_selected_final_progress
ddpm_eps,fetch_high_temp_misaligned,diffusion_internal_score,8,exact_selected_success,12,0.0,0.0,0.0,0.0,0.95,1,8,high_minus_low,exact_selected_success
ddpm_eps,fetch_high_temp_misaligned,diffusion_internal_score,8,exact_selected_negative_final_distance,12,-0.000468110678575908,0.004182100604094779,-0.00818561022519444,0.007068072388223492,0.95,1,8,high_minus_low,exact_selected_negative_final_distance
ddpm_eps,fetch_high_temp_misaligned,goal_progress_heuristic,8,exact_selected_normalized_progress,12,-1.6849980402769847e-05,1.6849980402769847e-05,-5.0549941208309546e-05,0.0,0.95,1,8,high_minus_low,exact_selected_normalized_progress
ddpm_eps,fetch_high_temp_misaligned,goal_progress_heuristic,8,exact_selected_final_progress,12,-0.02554721772183864,0.03145877308892938,-0.08943348640024672,0.03208054081780187,0.95,1,8,high_minus_low,exact_selected_final_progress
ddpm_eps,fetch_high_temp_misaligned,goal_progress_heuristic,8,exact_selected_success,12,0.0,0.0,0.0,0.0,0.95,1,8,high_minus_low,exact_selected_success
ddpm_eps,fetch_high_temp_misaligned,goal_progress_heuristic,8,exact_selected_negative_final_distance,12,-0.0031912367395906956,0.0051322380003376005,-0.013142697625101117,0.006105109918725761,0.95,1,8,high_minus_low,exact_selected_negative_final_distance
ddpm_eps,fetch_high_temp_misaligned,learned_value_critic_from_pilot_rollouts,8,exact_selected_normalized_progress,12,-1.637614196945105e-05,1.637614196945105e-05,-4.9128425908353156e-05,0.0,0.95,1,8,high_minus_low,exact_selected_normalized_progress
ddpm_eps,fetch_high_temp_misaligned,learned_value_critic_from_pilot_rollouts,8,exact_selected_final_progress,12,0.09926987564939942,0.05140223970929525,0.027855251562530218,0.21271693374516015,0.95,1,8,high_minus_low,exact_selected_final_progress
ddpm_eps,fetch_high_temp_misaligned,learned_value_critic_from_pilot_rollouts,8,exact_selected_success,12,0.0,0.0,0.0,0.0,0.95,1,8,high_minus_low,exact_selected_success
ddpm_eps,fetch_high_temp_misaligned,learned_value_critic_from_pilot_rollouts,8,exact_selected_negative_final_distance,12,0.015236140739794636,0.00581933700235996,0.00569314952921779,0.027107134588072998,0.95,1,8,high_minus_low,exact_selected_negative_final_distance
ddpm_eps,fetch_high_temp_misaligned,misaligned_speed_scorer,8,exact_selected_normalized_progress,12,-1.4237995653376194e-05,1.4237995653376195e-05,-4.271398696012858e-05,0.0,0.95,1,8,high_minus_low,exact_selected_normalized_progress
ddpm_eps,fetch_high_temp_misaligned,misaligned_speed_scorer,8,exact_selected_final_progress,12,0.03689026000544985,0.013502670327985695,0.013739227385144742,0.06165927129424269,0.95,1,8,high_minus_low,exact_selected_final_progress
ddpm_eps,fetch_high_temp_misaligned,misaligned_speed_scorer,8,exact_selected_success,12,0.0,0.0,0.0,0.0,0.95,1,8,high_minus_low,exact_selected_success
ddpm_eps,fetch_high_temp_misaligned,misaligned_speed_scorer,8,exact_selected_negative_final_distance,12,0.0076227133950309105,0.003214999682214074,0.0029080877901779723,0.013757719460634027,0.95,1,8,high_minus_low,exact_selected_negative_final_distance
ddpm_eps,fetch_high_temp_misaligned,oracle_real_utility_selector,8,exact_selected_normalized_progress,12,-1.679932965017308e-05,1.679932965017308e-05,-5.0397988950519246e-05,0.0,0.95,1,8,high_minus_low,exact_selected_normalized_progress
ddpm_eps,fetch_high_temp_misaligned,oracle_real_utility_selector,8,exact_selected_final_progress,12,0.09929821794166686,0.051403775020754716,0.025988434779874153,0.20639536094978847,0.95,1,8,high_minus_low,exact_selected_final_progress
ddpm_eps,fetch_high_temp_misaligned,oracle_real_utility_selector,8,exact_selected_success,12,0.0,0.0,0.0,0.0,0.95,1,8,high_minus_low,exact_selected_success
ddpm_eps,fetch_high_temp_misaligned,oracle_real_utility_selector,8,exact_selected_negative_final_distance,12,0.015241315239632474,0.005819655340075378,0.004888735382403886,0.026347377403074624,0.95,1,8,high_minus_low,exact_selected_negative_final_distance
ddpm_eps,fetch_high_temp_misaligned,random_sample_selection,8,exact_selected_normalized_progress,12,7.1631468995575e-05,7.1631468995575e-05,0.0,0.00021489440698672498,0.95,1,8,high_minus_low,exact_selected_normalized_progress
ddpm_eps,fetch_high_temp_misaligned,random_sample_selection,8,exact_selected_final_progress,12,-0.013075931147147992,0.028371933239354788,-0.06698881346944106,0.03890146408298439,0.95,1,8,high_minus_low,exact_selected_final_progress
ddpm_eps,fetch_high_temp_misaligned,random_sample_selection,8,exact_selected_success,12,0.0,0.0,0.0,0.0,0.95,1,8,high_minus_low,exact_selected_success
ddpm_eps,fetch_high_temp_misaligned,random_sample_selection,8,exact_selected_negative_final_distance,12,-0.0008374521638264375,0.005498150320345555,-0.010473522784330955,0.009390528819743608,0.95,1,8,high_minus_low,exact_selected_negative_final_distance
ddpm_eps,fetch_high_temp_misaligned,uncertainty_aware_critic,8,exact_selected_normalized_progress,12,1.5973249942450374e-05,1.5973249942450374e-05,0.0,4.791974982735112e-05,0.95,1,8,high_minus_low,exact_selected_normalized_progress
ddpm_eps,fetch_high_temp_misaligned,uncertainty_aware_critic,8,exact_selected_final_progress,12,0.09788823935087886,0.051468383004455026,0.02314009291201323,0.19930711012491525,0.95,1,8,high_minus_low,exact_selected_final_progress
ddpm_eps,fetch_high_temp_misaligned,uncertainty_aware_critic,8,exact_selected_success,12,0.0,0.0,0.0,0.0,0.95,1,8,high_minus_low,exact_selected_success
ddpm_eps,fetch_high_temp_misaligned,uncertainty_aware_critic,8,exact_selected_negative_final_distance,12,0.015068920836008325,0.005903608111948811,0.004695470411532187,0.02613039323957758,0.95,1,8,high_minus_low,exact_selected_negative_final_distance
ddpm_eps,fetch_low_diversity,anti_oracle_negative_control,8,exact_selected_normalized_progress,12,0.0,0.0,0.0,0.0,0.95,1,8,high_minus_low,exact_selected_normalized_progress
ddpm_eps,fetch_low_diversity,anti_oracle_negative_control,8,exact_selected_final_progress,12,0.0,2.7464611451192733e-31,-5.259072701473412e-31,4.946815259823413e-31,0.95,1,8,high_minus_low,exact_selected_final_progress
ddpm_eps,fetch_low_diversity,anti_oracle_negative_control,8,exact_selected_success,12,0.0,0.0,0.0,0.0,0.95,1,8,high_minus_low,exact_selected_success
ddpm_eps,fetch_low_diversity,anti_oracle_negative_control,8,exact_selected_negative_final_distance,12,2.3129646346357427e-18,5.557244599851e-18,-7.517135062566164e-18,1.3299546649155522e-17,0.95,1,8,high_minus_low,exact_selected_negative_final_distance
ddpm_eps,fetch_low_diversity,diffusion_internal_score,8,exact_selected_normalized_progress,12,0.0,0.0,0.0,0.0,0.95,1,8,high_minus_low,exact_selected_normalized_progress
ddpm_eps,fetch_low_diversity,diffusion_internal_score,8,exact_selected_final_progress,12,0.0,2.7464611451192733e-31,-5.259072701473412e-31,5.604199347507589e-31,0.95,1,8,high_minus_low,exact_selected_final_progress
ddpm_eps,fetch_low_diversity,diffusion_internal_score,8,exact_selected_success,12,0.0,0.0,0.0,0.0,0.95,1,8,high_minus_low,exact_selected_success
ddpm_eps,fetch_low_diversity,diffusion_internal_score,8,exact_selected_negative_final_distance,12,2.3129646346357427e-18,5.557244599851e-18,-7.517135062566164e-18,1.214306433183765e-17,0.95,1,8,high_minus_low,exact_selected_negative_final_distance
ddpm_eps,fetch_low_diversity,goal_progress_heuristic,8,exact_selected_normalized_progress,12,0.0,0.0,0.0,0.0,0.95,1,8,high_minus_low,exact_selected_normalized_progress
ddpm_eps,fetch_low_diversity,goal_progress_heuristic,8,exact_selected_final_progress,12,0.0,2.7464611451192733e-31,-5.9164567891575885e-31,5.259072701473412e-31,0.95,1,8,high_minus_low,exact_selected_final_progress
ddpm_eps,fetch_low_diversity,goal_progress_heuristic,8,exact_selected_success,12,0.0,0.0,0.0,0.0,0.95,1,8,high_minus_low,exact_selected_success
ddpm_eps,fetch_low_diversity,goal_progress_heuristic,8,exact_selected_negative_final_distance,12,2.3129646346357427e-18,5.557244599851e-18,-7.517135062566164e-18,1.214306433183765e-17,0.95,1,8,high_minus_low,exact_selected_negative_final_distance
ddpm_eps,fetch_low_diversity,learned_value_critic_from_pilot_rollouts,8,exact_selected_normalized_progress,12,0.0,0.0,0.0,0.0,0.95,1,8,high_minus_low,exact_selected_normalized_progress
ddpm_eps,fetch_low_diversity,learned_value_critic_from_pilot_rollouts,8,exact_selected_final_progress,12,0.0,2.7464611451192733e-31,-5.604199347507598e-31,4.601688613789236e-31,0.95,1,8,high_minus_low,exact_selected_final_progress
ddpm_eps,fetch_low_diversity,learned_value_critic_from_pilot_rollouts,8,exact_selected_success,12,0.0,0.0,0.0,0.0,0.95,1,8,high_minus_low,exact_selected_success
ddpm_eps,fetch_low_diversity,learned_value_critic_from_pilot_rollouts,8,exact_selected_negative_final_distance,12,2.3129646346357427e-18,5.557244599851e-18,-8.0953762212251e-18,1.3024882098792513e-17,0.95,1,8,high_minus_low,exact_selected_negative_final_distance
ddpm_eps,fetch_low_diversity,misaligned_speed_scorer,8,exact_selected_normalized_progress,12,0.0,0.0,0.0,0.0,0.95,1,8,high_minus_low,exact_selected_normalized_progress
ddpm_eps,fetch_low_diversity,misaligned_speed_scorer,8,exact_selected_final_progress,12,0.0,2.7464611451192733e-31,-5.9164567891575885e-31,5.259072701473412e-31,0.95,1,8,high_minus_low,exact_selected_final_progress
ddpm_eps,fetch_low_diversity,misaligned_speed_scorer,8,exact_selected_success,12,0.0,0.0,0.0,0.0,0.95,1,8,high_minus_low,exact_selected_success
ddpm_eps,fetch_low_diversity,misaligned_speed_scorer,8,exact_selected_negative_final_distance,12,2.3129646346357427e-18,5.557244599851e-18,-7.517135062566164e-18,1.214306433183765e-17,0.95,1,8,high_minus_low,exact_selected_negative_final_distance
ddpm_eps,fetch_low_diversity,oracle_real_utility_selector,8,exact_selected_normalized_progress,12,0.0,0.0,0.0,0.0,0.95,1,8,high_minus_low,exact_selected_normalized_progress
ddpm_eps,fetch_low_diversity,oracle_real_utility_selector,8,exact_selected_final_progress,12,0.0,2.7464611451192733e-31,-5.259072701473412e-31,4.946815259823413e-31,0.95,1,8,high_minus_low,exact_selected_final_progress
ddpm_eps,fetch_low_diversity,oracle_real_utility_selector,8,exact_selected_success,12,0.0,0.0,0.0,0.0,0.95,1,8,high_minus_low,exact_selected_success
ddpm_eps,fetch_low_diversity,oracle_real_utility_selector,8,exact_selected_negative_final_distance,12,2.3129646346357427e-18,5.557244599851e-18,-7.517135062566164e-18,1.3299546649155522e-17,0.95,1,8,high_minus_low,exact_selected_negative_final_distance
ddpm_eps,fetch_low_diversity,random_sample_selection,8,exact_selected_normalized_progress,12,0.0,0.0,0.0,0.0,0.95,1,8,high_minus_low,exact_selected_normalized_progress
ddpm_eps,fetch_low_diversity,random_sample_selection,8,exact_selected_final_progress,12,0.0,2.7464611451192733e-31,-5.9164567891575885e-31,5.259072701473412e-31,0.95,1,8,high_minus_low,exact_selected_final_progress
ddpm_eps,fetch_low_diversity,random_sample_selection,8,exact_selected_success,12,0.0,0.0,0.0,0.0,0.95,1,8,high_minus_low,exact_selected_success
ddpm_eps,fetch_low_diversity,random_sample_selection,8,exact_selected_negative_final_distance,12,2.3129646346357427e-18,5.557244599851e-18,-7.517135062566164e-18,1.214306433183765e-17,0.95,1,8,high_minus_low,exact_selected_negative_final_distance
ddpm_eps,fetch_low_diversity,uncertainty_aware_critic,8,exact_selected_normalized_progress,12,0.0,0.0,0.0,0.0,0.95,1,8,high_minus_low,exact_selected_normalized_progress
ddpm_eps,fetch_low_diversity,uncertainty_aware_critic,8,exact_selected_final_progress,12,0.0,2.7464611451192733e-31,-5.259072701473412e-31,5.604199347507589e-31,0.95,1,8,high_minus_low,exact_selected_final_progress
ddpm_eps,fetch_low_diversity,uncertainty_aware_critic,8,exact_selected_success,12,0.0,0.0,0.0,0.0,0.95,1,8,high_minus_low,exact_selected_success
ddpm_eps,fetch_low_diversity,uncertainty_aware_critic,8,exact_selected_negative_final_distance,12,2.3129646346357427e-18,5.557244599851e-18,-7.517135062566164e-18,1.214306433183765e-17,0.95,1,8,high_minus_low,exact_selected_negative_final_distance
